,EU EC JRC-LCEO Net Zero,EU EC-Impact Assessment-Mix,F-ISI-H2,F-ISI-PtG,F-ISI-RE,F-ISI-RG,F-ISI-S,FCH JU-Roadmap-Ambitious,Guidehouse-European H2 Backbone,Kopernikus-4.0 Roadmap-Basis,config.gridfreeze,config.highH2demand,config.highcarbon,config.lowH2cost,config.lowcarbon,config.main,lower_bound,upper_bound
2020,,,,,,,,,,0.0,,,,,,,0.0,0.0
2025,,,48.0,9.0,8.0,10.0,8.0,,,,196.07576173666,246.81390109145,196.07508435349,196.07519907098,196.07514216221,196.07348548879003,8.0,48.0
2030,,,259.0,101.0,108.0,160.0,107.0,,,422.9,282.01808098292,400.41667315027996,282.02279076944,282.01789272859,451.88366762756004,282.01720196777,101.0,422.9
2035,,,730.0,218.0,304.0,409.0,275.0,,,,999.08826977072,1138.26069699755,415.92935020499,946.17297269644,4162.3012820698605,873.2703821336299,218.0,730.0
2040,,,1572.0,373.0,889.0,832.0,700.0,,,1069.9,2029.9903695459798,2486.2389800781802,550.85790869612,1869.30662998746,3861.2200232349905,1834.74574547835,373.0,1572.0
2045,,,2780.0,423.0,1345.0,1203.0,1108.0,,,1723.6,1998.30814258155,2408.6784670996803,661.1095545094599,1811.29772196675,3405.5189205585402,1780.6752222926898,423.0,2780.0
2050,3102.0,2178.0,,,,,,2607.0,2300.0,2377.3,2114.5602243335998,2505.7597728038004,762.1087814973499,1934.1558977049501,3125.7287348134796,1899.66604354847,2178.0,3102.0
